comparison,delta_auc,ci_lo,ci_hi,p_bootstrap
BiomedCLIP: raw - demographic-adjusted,0.007000215535418186,0.0033480615869028894,0.010700110058423527,0.0
TorchXRayVision: raw - demographic-adjusted,0.007084555481627897,0.003232536685273435,0.011245274099618993,0.0
RAD-DINO: raw - demographic-adjusted,0.011904427222435676,0.006173553908323704,0.017537658827216734,0.0
ImageNet-DenseNet121: raw - demographic-adjusted,0.009188889201258932,0.004003258020885006,0.01428890492389113,0.002
BiomedCLIP: raw - acquisition-adjusted,0.04012915465343059,0.024378201143483148,0.05631003364226747,0.0
TorchXRayVision: raw - acquisition-adjusted,0.04087780183028089,0.027870473626065855,0.05421194732605941,0.0
RAD-DINO: raw - acquisition-adjusted,0.03865060250999841,0.02638827716397043,0.05114699723760649,0.0
ImageNet-DenseNet121: raw - acquisition-adjusted,0.04389842138527833,0.031010652864070006,0.056998705746257566,0.0
BiomedCLIP (acquisition-adjusted) - acquisition-only proxy,-0.004312790829644753,-0.03680228217647051,0.028091579645543235,0.784
TorchXRayVision (acquisition-adjusted) - acquisition-only proxy,-0.010209298427007907,-0.04113220130383309,0.020590973126794133,0.522
RAD-DINO (acquisition-adjusted) - acquisition-only proxy,-0.06584763207791755,-0.09912911196284062,-0.031762059310765665,0.0
ImageNet-DenseNet121 (acquisition-adjusted) - acquisition-only proxy,-0.07222310727104042,-0.10606112667755797,-0.03795294976358781,0.0
29-variable proxy - BiomedCLIP (raw),0.05990114525317081,0.04191101823304691,0.07787599216575614,0.0
29-variable proxy - TorchXRayVision (raw),0.06504900567368366,0.04537148101986768,0.08498194500410755,0.0
29-variable proxy - RAD-DINO (raw),0.12291453864487578,0.09839967555151566,0.14779521323949735,0.0
29-variable proxy - ImageNet-DenseNet121 (raw),0.12404219496271873,0.10025403504168584,0.14947196425652268,0.0
