stratum,n,n_hernia,model,auc,ci_lo,ci_hi
3001x3001 单机(方形探测器),157,115,BiomedCLIP,0.5573498964803313,0.4556832298136646,0.6596325051759834
3001x3001 单机(方形探测器),157,115,TorchXRayVision,0.5283643892339545,0.4227639751552795,0.6387215320910973
3001x3001 单机(方形探测器),157,115,RAD-DINO,0.5380952380952381,0.42918219461697726,0.6478260869565217
3001x3001 单机(方形探测器),157,115,ImageNet-DenseNet121,0.5142857142857142,0.40164596273291925,0.6186335403726707
CR 模态全体,590,384,BiomedCLIP,0.6099312297734628,0.5583254323422331,0.6615875935477346
CR 模态全体,590,384,TorchXRayVision,0.617971278317152,0.5677206588794499,0.6692708333333333
CR 模态全体,590,384,RAD-DINO,0.650561286407767,0.6005104040250809,0.6991624949433656
CR 模态全体,590,384,ImageNet-DenseNet121,0.6077189522653722,0.5559349084749191,0.654222921723301
DX 模态全体,1370,597,BiomedCLIP,0.6895430147720057,0.6608516927024082,0.7162689796546335
DX 模态全体,1370,597,TorchXRayVision,0.6898528866843923,0.6623685482175864,0.7171093176100424
DX 模态全体,1370,597,RAD-DINO,0.6244374091241026,0.595229868618643,0.6538082824645001
DX 模态全体,1370,597,ImageNet-DenseNet121,0.6376817247080595,0.6093358664820437,0.6665441264104048
全队列(参照),1960,981,BiomedCLIP,0.7091115255222049,0.6851451584185323,0.7311022814476067
全队列(参照),1960,981,TorchXRayVision,0.7039636651016921,0.6803092516756056,0.7262074148348759
全队列(参照),1960,981,RAD-DINO,0.6460981321304999,0.6203323566559317,0.6702560862724765
全队列(参照),1960,981,ImageNet-DenseNet121,0.644970475812657,0.6210010370689683,0.6689592554761095
