pathway,model,model_display,nuisance_set,nuisance_label,n_nuisance,auc_mean,auc_sd,bacc_mean,bacc_sd,auc_oof_mean,auc_oof_ci_lo,auc_oof_ci_hi,nuisance_r2_mean,nuisance_r2_sd
image,biomedclip,BiomedCLIP,none,Raw embedding (no adjustment),0,0.7032846652466977,0.023966309402843607,0.6568272172594145,0.019034535770730478,0.7091115255222049,0.6851451584185323,0.7311022814476067,,
image,torchxrayvision,TorchXRayVision,none,Raw embedding (no adjustment),0,0.6954003374716475,0.023522334736188904,0.6424346622678747,0.023711314534200223,0.7039636651016921,0.680926391010403,0.727535586771748,,
image,rad-dino,RAD-DINO,none,Raw embedding (no adjustment),0,0.6298960264994363,0.025205059387925492,0.5944158478698,0.02141669670246082,0.6460981321304999,0.6214189883579637,0.6697660815973362,,
image,imagenet,ImageNet-DenseNet121,none,Raw embedding (no adjustment),0,0.6300012588576618,0.021346296361342842,0.5947896814329012,0.02153197713438556,0.644970475812657,0.6200874063800567,0.6699890618378403,,
image,biomedclip,BiomedCLIP,S,Sex only (1) - the conventional demographic check,1,0.6964031192153166,0.02364181917255577,0.6461144482783351,0.022344170207813988,0.7021113099867867,0.6783050065649797,0.7237446103130054,0.0010857214867234966,0.000648401469786154
image,torchxrayvision,TorchXRayVision,S,Sex only (1) - the conventional demographic check,1,0.6884667358707702,0.024144496001865787,0.6356015374521539,0.023453531466752022,0.6968791096200642,0.6729908871208736,0.7205867300986359,0.001491723743238671,0.0009668030815676067
image,rad-dino,RAD-DINO,S,Sex only (1) - the conventional demographic check,1,0.6190525661435593,0.02511533113895407,0.5866607192662304,0.02315285733045193,0.6341937049080643,0.6104350899990525,0.6578930996387959,0.0009426075126897881,0.0006511748861872138
image,imagenet,ImageNet-DenseNet121,S,Sex only (1) - the conventional demographic check,1,0.6220586918939097,0.022768274390731237,0.5861187753508276,0.02767929424215339,0.635781586611398,0.6109245740572408,0.6609966274433855,0.0010895347809212507,0.0007535415590137277
image,biomedclip,BiomedCLIP,A,Acquisition (5),5,0.6634281489452717,0.02357160078014635,0.6226537385746959,0.021583214406576266,0.6689823708687743,0.6447738648207673,0.6919011785726558,0.2029777040650488,0.011279072044801693
image,torchxrayvision,TorchXRayVision,A,Acquisition (5),5,0.6557250247643464,0.02814751665606965,0.6127541829695563,0.024741202695497837,0.6630858632714112,0.6397436117696916,0.6885399974385645,0.41563560538091976,0.017437681525048352
image,rad-dino,RAD-DINO,A,Acquisition (5),5,0.5933319226614057,0.028030782366704005,0.5684796622280305,0.025061102296974044,0.6074475296205015,0.5820642253896557,0.6304009583516851,0.1237865647478987,0.0055273277920569455
image,imagenet,ImageNet-DenseNet121,A,Acquisition (5),5,0.5884589908224603,0.029692587443640103,0.5652034255326496,0.027170616003232007,0.6010720544273787,0.5762768911671087,0.6263123972432291,0.2587975166505034,0.016483999613524886
image,biomedclip,BiomedCLIP,A+G,Acquisition + body geometry (20),20,0.5430672468893526,0.026657706341602087,0.5283571176225272,0.023949868593343863,0.5458127299174614,0.5200239952353136,0.5713656511512403,0.29926270583445824,0.011652649356959486
image,torchxrayvision,TorchXRayVision,A+G,Acquisition + body geometry (20),20,0.5721333476501151,0.03072099934616843,0.5527569189331336,0.024686726452034933,0.5774568694886187,0.5526017832171837,0.6040125510334767,0.5347688353182195,0.016557161817680858
image,rad-dino,RAD-DINO,A+G,Acquisition + body geometry (20),20,0.5423528919763843,0.032554486582906064,0.5323554787006564,0.023122480813269373,0.5500109850176853,0.5247627288241656,0.5750329810839037,0.18370131686957505,0.007369246178879274
image,imagenet,ImageNet-DenseNet121,A+G,Acquisition + body geometry (20),20,0.5298757773061173,0.03467369224968022,0.5197789022676621,0.029649115075908443,0.5352733603429408,0.5101684039654352,0.5584673661676033,0.35273522978907074,0.01483240009389051
image,biomedclip,BiomedCLIP,A+G+E,Acquisition + geometry + exposure (28),28,0.5344541153917439,0.0268678107496694,0.5252032130306242,0.022375633955917792,0.5372871067129391,0.5109086171476647,0.5626558336691313,0.33093448900477407,0.013754669072052104
image,torchxrayvision,TorchXRayVision,A+G+E,Acquisition + geometry + exposure (28),28,0.56602127752423,0.03199708034114569,0.5475642486592451,0.024255700798824796,0.5710772293598806,0.5459137035752849,0.5976277047352194,0.6142969916414487,0.017077871718480415
image,rad-dino,RAD-DINO,A+G+E,Acquisition + geometry + exposure (28),28,0.5381046373525543,0.031141470992292915,0.5275694018333613,0.023460364911368884,0.5453285561521826,0.5203763487883681,0.5705068153965175,0.20926310732295753,0.008424248542501102
image,imagenet,ImageNet-DenseNet121,A+G+E,Acquisition + geometry + exposure (28),28,0.5279859235297367,0.03281449915731693,0.5212121195217642,0.027146654285550957,0.5333970568482475,0.5085039395084752,0.5576736075318696,0.36706210636329817,0.016460690483191195
image,biomedclip,BiomedCLIP,A+G+E+S,All proxies incl. sex (29),29,0.5362669089677643,0.026804201806040585,0.5275459867664364,0.02119857611505551,0.5392685748319188,0.5135632690163151,0.564143158208203,0.3311493514808964,0.013782845331012315
image,torchxrayvision,TorchXRayVision,A+G+E+S,All proxies incl. sex (29),29,0.5657953337157285,0.03178209848824225,0.5494005078798407,0.02347163911283552,0.5709908069458631,0.5450857143749629,0.5976466812231165,0.6145040938590044,0.017070372629638553
image,rad-dino,RAD-DINO,A+G+E+S,All proxies incl. sex (29),29,0.534017781676178,0.030359789824319125,0.5253265810814759,0.022804039839073476,0.5400734486395758,0.5149185390655342,0.5654493080480092,0.20993779105410973,0.008426442801958582
image,imagenet,ImageNet-DenseNet121,A+G+E+S,All proxies incl. sex (29),29,0.5285117609571222,0.033299715602886165,0.5222382678959909,0.03021386896312849,0.5346132180479155,0.5096631972752991,0.5587768729455154,0.3674419741446051,0.016430038671875473
proxy,proxy_sex,sex,none,Image-free proxy model,1,0.5590096210292004,0.01788480299360499,0.5590096210292004,0.017884802993604995,0.5369966024537718,0.5108160124073432,0.5612936914761469,,
proxy,proxy_acquisition,acquisition,none,Image-free proxy model,5,0.6745817915552454,0.022797547039413935,0.6017466046160753,0.02397367649894452,0.6732951616984191,0.6491315588625145,0.6977287564855856,,
proxy,proxy_body_geometry,body_geometry,none,Image-free proxy model,15,0.6321159329193988,0.022931231572527334,0.5970876464603804,0.020130632576354883,0.6319748354590123,0.6078039700166284,0.6564503399108079,,
proxy,proxy_thorax_intensity_lucency,thorax_intensity_lucency,none,Image-free proxy model,8,0.6535925363108771,0.01689129272623041,0.6020574658602215,0.017556737234755333,0.65353983084114,0.6292918620281779,0.6763501419722429,,
proxy,proxy_all_proxy_factors,all_proxy_factors,none,Image-free proxy model,29,0.7682807658345315,0.014862913543558814,0.717929592766431,0.01699344922309454,0.7690126707753757,0.7480791056633753,0.7897328089679393,,
