cohort,task,task_name,task_type,model,model_display,primary_metric,primary_value,auc_mean,auc_std,accuracy_mean,accuracy_std,balanced_accuracy_mean,balanced_accuracy_std,n,positive,negative,n_splits,r2_mean,r2_std,r2_oof,mae_mean,mae_std,pearson_mean,pearson_oof,baseline_mae,target_mean,target_std
primary_1960_radiographic,sex_male,sex_male,classification,biomedclip,BiomedCLIP,auc,0.6950362520914668,0.6950362520914668,0.02433586119665893,0.6729591836734694,0.009599432511340194,0.6293641940881205,0.030306859427066065,1960,1630,330,5,,,,,,,,,,
primary_1960_radiographic,sex_male,sex_male,classification,imagenet,ImageNet-DenseNet121,auc,0.6858152072875998,0.6858152072875998,0.0329654540859333,0.7642857142857142,0.026392892155872587,0.6190184049079754,0.04099958250723123,1960,1630,330,5,,,,,,,,,,
primary_1960_radiographic,sex_male,sex_male,classification,rad-dino,RAD-DINO,auc,0.7591280907231827,0.7591280907231827,0.04065153701850028,0.7933673469387754,0.02840696103484707,0.6763803680981595,0.044839915485338944,1960,1630,330,5,,,,,,,,,,
primary_1960_radiographic,sex_male,sex_male,classification,torchxrayvision,TorchXRayVision,auc,0.7051217698456962,0.7051217698456962,0.04312771439667312,0.7280612244897959,0.014751869688572393,0.6431585796616471,0.03478036144574004,1960,1630,330,5,,,,,,,,,,
primary_1960_radiographic,modality_cr,CR_vs_DX,classification,biomedclip,BiomedCLIP,auc,0.9911233452925894,0.9911233452925894,0.0033595905395231067,0.9663265306122449,0.006730054060343304,0.9609550909315848,0.008389001107588029,1960,590,1370,5,,,,,,,,,,
primary_1960_radiographic,modality_cr,CR_vs_DX,classification,imagenet,ImageNet-DenseNet121,auc,0.9904985772609181,0.9904985772609181,0.006138611130375856,0.9755102040816326,0.004731438007905954,0.9699369046146232,0.0034491713569434123,1960,590,1370,5,,,,,,,,,,
primary_1960_radiographic,modality_cr,CR_vs_DX,classification,rad-dino,RAD-DINO,auc,0.9956328096003959,0.9956328096003959,0.0034784126777440867,0.9780612244897959,0.006958255967849937,0.9736916986267475,0.005879154496199744,1960,590,1370,5,,,,,,,,,,
primary_1960_radiographic,modality_cr,CR_vs_DX,classification,torchxrayvision,TorchXRayVision,auc,0.9959792156377583,0.9959792156377583,0.005233658807856158,0.9857142857142858,0.003818017741606067,0.9830261041692442,0.006400350284879283,1960,590,1370,5,,,,,,,,,,
primary_1960_radiographic,exam_days_since_min,exam_days_since_min,regression,biomedclip,BiomedCLIP,r2_oof,0.38043091737887635,,,,,,,1960,,,5,0.3779178724353036,0.045525905522486095,0.38043091737887635,142.13999549791987,4.468097449939634,0.6194907304957938,0.6212595843666119,204.3939884423157,368.15255102040817,220.13743780671322
primary_1960_radiographic,exam_days_since_min,exam_days_since_min,regression,imagenet,ImageNet-DenseNet121,r2_oof,0.4054086612057799,,,,,,,1960,,,5,0.40331215149829125,0.051598299576860525,0.4054086612057799,139.50027531214536,5.180499794807832,0.6387375035836002,0.6370329254563147,204.3939884423157,368.15255102040817,220.13743780671322
primary_1960_radiographic,exam_days_since_min,exam_days_since_min,regression,rad-dino,RAD-DINO,r2_oof,0.343214570567149,,,,,,,1960,,,5,0.34130639277304003,0.029250543578980017,0.343214570567149,149.02749650347337,5.27769627113277,0.5856561018332098,0.5858506074539414,204.3939884423157,368.15255102040817,220.13743780671322
primary_1960_radiographic,exam_days_since_min,exam_days_since_min,regression,torchxrayvision,TorchXRayVision,r2_oof,0.4121782750011811,,,,,,,1960,,,5,0.40977807459273413,0.05181846330939953,0.4121782750011811,139.2490499781182,5.062734100892338,0.6421868446004124,0.6425652394035044,204.3939884423157,368.15255102040817,220.13743780671322
primary_1960_radiographic,image_width_px,image_width_px,regression,biomedclip,BiomedCLIP,r2_oof,0.8958741922467094,,,,,,,1960,,,5,0.8953626654466614,0.008471926444559953,0.8958741922467094,114.46320546446975,3.685554823778392,0.9466094703686799,0.9466195693096002,354.83137963348605,1899.9091836734694,464.6771985962427
primary_1960_radiographic,image_width_px,image_width_px,regression,imagenet,ImageNet-DenseNet121,r2_oof,0.9075827862736641,,,,,,,1960,,,5,0.9071129768607127,0.009872115997093917,0.9075827862736641,107.09864029769756,5.378887240760046,0.9525704563550386,0.9526737853568824,354.83137963348605,1899.9091836734694,464.6771985962427
primary_1960_radiographic,image_width_px,image_width_px,regression,rad-dino,RAD-DINO,r2_oof,0.8753837443134719,,,,,,,1960,,,5,0.8744848396054643,0.014281751053849094,0.8753837443134719,125.17120825768639,3.9457220162218203,0.9355402585798789,0.9356203723891956,354.83137963348605,1899.9091836734694,464.6771985962427
primary_1960_radiographic,image_width_px,image_width_px,regression,torchxrayvision,TorchXRayVision,r2_oof,0.8961525343943517,,,,,,,1960,,,5,0.8955334101146111,0.013394502478983859,0.8961525343943517,114.73003432566584,5.137981394645624,0.9469580320170465,0.9467565788193574,354.83137963348605,1899.9091836734694,464.6771985962427
primary_1960_radiographic,image_height_px,image_height_px,regression,biomedclip,BiomedCLIP,r2_oof,0.9317871292648173,,,,,,,1960,,,5,0.9314928953314606,0.0072405428875672384,0.9317871292648173,102.57720408636587,2.5358005511248964,0.9653734974352297,0.9653057972019605,388.72827571845073,1765.2632653061225,518.9504341845743
primary_1960_radiographic,image_height_px,image_height_px,regression,imagenet,ImageNet-DenseNet121,r2_oof,0.9386671549095627,,,,,,,1960,,,5,0.9384736126961949,0.004162989109898665,0.9386671549095627,96.91454464116953,1.8772286736650379,0.9688973439821418,0.9688559865779166,388.72827571845073,1765.2632653061225,518.9504341845743
primary_1960_radiographic,image_height_px,image_height_px,regression,rad-dino,RAD-DINO,r2_oof,0.9207655738946761,,,,,,,1960,,,5,0.9204142060676125,0.0056821894424101075,0.9207655738946761,111.86670579543033,4.1161917115589395,0.9598096972162938,0.9595662938257359,388.72827571845073,1765.2632653061225,518.9504341845743
primary_1960_radiographic,image_height_px,image_height_px,regression,torchxrayvision,TorchXRayVision,r2_oof,0.9288029575006996,,,,,,,1960,,,5,0.9284608346366813,0.0046023087571316216,0.9288029575006996,104.05281243401298,2.279258856917717,0.9639040325986196,0.963779506620841,388.72827571845073,1765.2632653061225,518.9504341845743
primary_1960_radiographic,image_aspect,image_aspect,regression,biomedclip,BiomedCLIP,r2_oof,0.8669038734379311,,,,,,,1960,,,5,0.8667137827399438,0.011154284689225538,0.8669038734379311,0.03660754413072731,0.0013191019677579957,0.9316223985006943,0.9312678430359214,0.10730553548609427,1.0974404586922981,0.13652410725314004
primary_1960_radiographic,image_aspect,image_aspect,regression,imagenet,ImageNet-DenseNet121,r2_oof,0.7936410503578399,,,,,,,1960,,,5,0.7930869459397513,0.008208534852019892,0.7936410503578399,0.04573747369088165,0.0016849560526876947,0.8921591631842762,0.8908921006384236,0.10730553548609427,1.0974404586922981,0.13652410725314004
primary_1960_radiographic,image_aspect,image_aspect,regression,rad-dino,RAD-DINO,r2_oof,0.642578254549321,,,,,,,1960,,,5,0.6406083878438167,0.017438396420166785,0.642578254549321,0.06262864293429234,0.002562792623619847,0.8036327630070496,0.8016236010120555,0.10730553548609427,1.0974404586922981,0.13652410725314004
primary_1960_radiographic,image_aspect,image_aspect,regression,torchxrayvision,TorchXRayVision,r2_oof,0.8319968586394865,,,,,,,1960,,,5,0.8313308185439009,0.00398948513480776,0.8319968586394865,0.04121095904755152,0.0008809297635648112,0.9135800184743422,0.9126497372437534,0.10730553548609427,1.0974404586922981,0.13652410725314004
primary_1960_radiographic,body_bbox_width_frac,body_bbox_width_frac,regression,biomedclip,BiomedCLIP,r2_oof,0.9875229603865677,,,,,,,1960,,,5,0.9876220682644202,0.001997124291832998,0.9875229603865677,0.0098314640138079,0.0005370339266018136,0.9938267973716384,0.9937428950730877,0.0738076883691359,0.9402203762957321,0.13271200614534526
primary_1960_radiographic,body_bbox_width_frac,body_bbox_width_frac,regression,imagenet,ImageNet-DenseNet121,r2_oof,0.9936186921507643,,,,,,,1960,,,5,0.9936677937553986,0.0009952956514633,0.9936186921507643,0.006976821828970796,0.0005029209287062724,0.9968631572738891,0.9968043225933875,0.0738076883691359,0.9402203762957321,0.13271200614534526
primary_1960_radiographic,body_bbox_width_frac,body_bbox_width_frac,regression,rad-dino,RAD-DINO,r2_oof,0.9576557580306773,,,,,,,1960,,,5,0.9574436645353185,0.004421352764365035,0.9576557580306773,0.019755978448292372,0.0006112307917890498,0.978615247002557,0.9786005667323037,0.0738076883691359,0.9402203762957321,0.13271200614534526
primary_1960_radiographic,body_bbox_width_frac,body_bbox_width_frac,regression,torchxrayvision,TorchXRayVision,r2_oof,0.9925223210252251,,,,,,,1960,,,5,0.9926424769609493,0.001566404453897601,0.9925223210252251,0.007245117997648145,0.0005680144620464787,0.9963469899090583,0.9962566924544891,0.0738076883691359,0.9402203762957321,0.13271200614534526
primary_1960_radiographic,body_bbox_height_frac,body_bbox_height_frac,regression,biomedclip,BiomedCLIP,r2_oof,0.9920819761444901,,,,,,,1960,,,5,0.992059049929121,0.0008619165111421686,0.9920819761444901,0.009727297360283566,0.0003170172822908698,0.9960405914441424,0.9960337474335507,0.08764476379094072,0.9338306585446312,0.1575995483786944
primary_1960_radiographic,body_bbox_height_frac,body_bbox_height_frac,regression,imagenet,ImageNet-DenseNet121,r2_oof,0.9952555459504996,,,,,,,1960,,,5,0.9953697299456652,0.0021814388073784865,0.9952555459504996,0.006628784743939534,0.000378455076587724,0.9977168330307815,0.9976270168569373,0.08764476379094072,0.9338306585446312,0.1575995483786944
primary_1960_radiographic,body_bbox_height_frac,body_bbox_height_frac,regression,rad-dino,RAD-DINO,r2_oof,0.959244303524777,,,,,,,1960,,,5,0.9594637458680413,0.006086878894285103,0.959244303524777,0.02250267938511266,0.0012948804190996367,0.9796209108348508,0.9794115830748841,0.08764476379094072,0.9338306585446312,0.1575995483786944
primary_1960_radiographic,body_bbox_height_frac,body_bbox_height_frac,regression,torchxrayvision,TorchXRayVision,r2_oof,0.994833253172178,,,,,,,1960,,,5,0.9949331822301106,0.0018641267833795808,0.994833253172178,0.00716080656144504,0.00028381482926540685,0.9974861669547194,0.9974138508866932,0.08764476379094072,0.9338306585446312,0.1575995483786944
primary_1960_radiographic,body_bbox_area_frac,body_bbox_area_frac,regression,biomedclip,BiomedCLIP,r2_oof,0.9933857075332393,,,,,,,1960,,,5,0.99334211389272,0.0008223461881808755,0.9933857075332393,0.012181513777932064,0.0004775691221115357,0.9966800541032643,0.9966874024210904,0.1168803551231914,0.8987546557019895,0.20876939897297977
primary_1960_radiographic,body_bbox_area_frac,body_bbox_area_frac,regression,imagenet,ImageNet-DenseNet121,r2_oof,0.9973188916922971,,,,,,,1960,,,5,0.9973372835598482,0.00049852100044639,0.9973188916922971,0.007576879512227061,0.00044807421568949276,0.9986835278768164,0.998658795455111,0.1168803551231914,0.8987546557019895,0.20876939897297977
primary_1960_radiographic,body_bbox_area_frac,body_bbox_area_frac,regression,rad-dino,RAD-DINO,r2_oof,0.9637359224749628,,,,,,,1960,,,5,0.9635937341219055,0.003594124196107572,0.9637359224749628,0.028945427978706324,0.0011012835001857145,0.9817159321330349,0.9817018508162881,0.1168803551231914,0.8987546557019895,0.20876939897297977
primary_1960_radiographic,body_bbox_area_frac,body_bbox_area_frac,regression,torchxrayvision,TorchXRayVision,r2_oof,0.9966448425709893,,,,,,,1960,,,5,0.996652916704331,0.0004558455531739421,0.9966448425709893,0.008214310925181054,9.61607427528926e-05,0.9983460238104203,0.9983213633067926,0.1168803551231914,0.8987546557019895,0.20876939897297977
primary_1960_radiographic,body_bbox_aspect,body_bbox_aspect,regression,biomedclip,BiomedCLIP,r2_oof,0.8140194399476677,,,,,,,1960,,,5,0.8135819966898277,0.02678689895638533,0.8140194399476677,0.043835102480917855,0.0021354648373117686,0.9033548378445072,0.9027101463558792,0.11248934086991155,1.1151899013410693,0.14269152049778014
primary_1960_radiographic,body_bbox_aspect,body_bbox_aspect,regression,imagenet,ImageNet-DenseNet121,r2_oof,0.7753227583544041,,,,,,,1960,,,5,0.775129501047936,0.016621288313812925,0.7753227583544041,0.05022024166926733,0.0018374386675427663,0.8818882157402816,0.8805586116917438,0.11248934086991155,1.1151899013410693,0.14269152049778014
primary_1960_radiographic,body_bbox_aspect,body_bbox_aspect,regression,rad-dino,RAD-DINO,r2_oof,0.6235508310451312,,,,,,,1960,,,5,0.6216235520385713,0.030341368692726977,0.6235508310451312,0.0674078554683751,0.003714657058605872,0.7915182362536257,0.7896703694078068,0.11248934086991155,1.1151899013410693,0.14269152049778014
primary_1960_radiographic,body_bbox_aspect,body_bbox_aspect,regression,torchxrayvision,TorchXRayVision,r2_oof,0.790377521007426,,,,,,,1960,,,5,0.7904248658605264,0.020676481124098655,0.790377521007426,0.047583470300783734,0.0015897686444864318,0.8909569753856073,0.8898655542715769,0.11248934086991155,1.1151899013410693,0.14269152049778014
primary_1960_radiographic,body_mask_area_frac,body_mask_area_frac,regression,biomedclip,BiomedCLIP,r2_oof,0.9846264040106482,,,,,,,1960,,,5,0.9844462423541153,0.0018751556442352002,0.9846264040106482,0.017552768040272244,0.0006541201463981054,0.9922208867717701,0.9922838757968759,0.10504266654492618,0.7953377780085276,0.1856012977182758
primary_1960_radiographic,body_mask_area_frac,body_mask_area_frac,regression,imagenet,ImageNet-DenseNet121,r2_oof,0.9864166298611465,,,,,,,1960,,,5,0.9863255277163899,0.0017010217185068016,0.9864166298611465,0.01572439279582994,0.000589603860463915,0.9932036759485436,0.9931860148393863,0.10504266654492618,0.7953377780085276,0.1856012977182758
primary_1960_radiographic,body_mask_area_frac,body_mask_area_frac,regression,rad-dino,RAD-DINO,r2_oof,0.948360358763295,,,,,,,1960,,,5,0.9477584080907067,0.005602692805168838,0.948360358763295,0.03185776625985618,0.0006818186473648388,0.9736223689933359,0.9738384481707916,0.10504266654492618,0.7953377780085276,0.1856012977182758
primary_1960_radiographic,body_mask_area_frac,body_mask_area_frac,regression,torchxrayvision,TorchXRayVision,r2_oof,0.9912423763806293,,,,,,,1960,,,5,0.9911712849614152,0.0009576882006737871,0.9912423763806293,0.013061873217954077,0.0003634970399796037,0.9956098826617301,0.9956118364027439,0.10504266654492618,0.7953377780085276,0.1856012977182758
primary_1960_radiographic,upper_body_area_share,upper_body_area_share,regression,biomedclip,BiomedCLIP,r2_oof,0.7190278057135425,,,,,,,1960,,,5,0.7215045484671625,0.03664458799760304,0.7190278057135425,0.007234434264974027,0.00013563675423205026,0.8511405673145802,0.8485677692230132,0.013914242243605721,0.31874294417968163,0.01871976679671882
primary_1960_radiographic,upper_body_area_share,upper_body_area_share,regression,imagenet,ImageNet-DenseNet121,r2_oof,0.7010156866250419,,,,,,,1960,,,5,0.7038237369892271,0.04716766655674616,0.7010156866250419,0.007421579000390488,0.00028815755740800375,0.8405001652520256,0.8372765521782837,0.013914242243605721,0.31874294417968163,0.01871976679671882
primary_1960_radiographic,upper_body_area_share,upper_body_area_share,regression,rad-dino,RAD-DINO,r2_oof,0.5388488892907546,,,,,,,1960,,,5,0.5420484923843418,0.048951536067789264,0.5388488892907546,0.009317400080168185,0.0002743544589427187,0.7385092570034397,0.7343925894520656,0.013914242243605721,0.31874294417968163,0.01871976679671882
primary_1960_radiographic,upper_body_area_share,upper_body_area_share,regression,torchxrayvision,TorchXRayVision,r2_oof,0.7184961265852445,,,,,,,1960,,,5,0.7202900557493012,0.03474580071530863,0.7184961265852445,0.007241783222470913,0.00012156492366406031,0.851203747461288,0.8488074550681635,0.013914242243605721,0.31874294417968163,0.01871976679671882
primary_1960_radiographic,mid_body_area_share,mid_body_area_share,regression,biomedclip,BiomedCLIP,r2_oof,0.765835368939953,,,,,,,1960,,,5,0.7661380958382746,0.0276119525797691,0.765835368939953,0.005355833234394469,0.0002215981654715552,0.8766318415379661,0.8759455791277477,0.012160257241044668,0.3125881630496266,0.0150934942606399
primary_1960_radiographic,mid_body_area_share,mid_body_area_share,regression,imagenet,ImageNet-DenseNet121,r2_oof,0.7654548127753353,,,,,,,1960,,,5,0.7658384579260246,0.018797010222652916,0.7654548127753353,0.0053685799140873415,0.00011808079437725299,0.875662128026236,0.8749497814566769,0.012160257241044668,0.3125881630496266,0.0150934942606399
primary_1960_radiographic,mid_body_area_share,mid_body_area_share,regression,rad-dino,RAD-DINO,r2_oof,0.6733626523683989,,,,,,,1960,,,5,0.6740261495016291,0.023907673368785742,0.6733626523683989,0.006396685887228429,0.000153243103801469,0.8214736165477164,0.8206072718678459,0.012160257241044668,0.3125881630496266,0.0150934942606399
primary_1960_radiographic,mid_body_area_share,mid_body_area_share,regression,torchxrayvision,TorchXRayVision,r2_oof,0.7572122428588499,,,,,,,1960,,,5,0.7574372417658876,0.023935771027559553,0.7572122428588499,0.005415045078432698,0.00017563972078798255,0.8719625734831513,0.8708215837373052,0.012160257241044668,0.3125881630496266,0.0150934942606399
primary_1960_radiographic,lower_body_area_share,lower_body_area_share,regression,biomedclip,BiomedCLIP,r2_oof,0.6183185490835107,,,,,,,1960,,,5,0.6193654674044493,0.035008781077849487,0.6183185490835107,0.005341541536930362,0.0002036122674354886,0.7895678398862269,0.7877912920130693,0.008518348716644501,0.29118739127796867,0.011612049993954727
primary_1960_radiographic,lower_body_area_share,lower_body_area_share,regression,imagenet,ImageNet-DenseNet121,r2_oof,0.5821775847681786,,,,,,,1960,,,5,0.581577220749119,0.03583115504685723,0.5821775847681786,0.005476279332100136,0.00011179153134891024,0.7654553928842184,0.7630290241891964,0.008518348716644501,0.29118739127796867,0.011612049993954727
primary_1960_radiographic,lower_body_area_share,lower_body_area_share,regression,rad-dino,RAD-DINO,r2_oof,0.44870845111810886,,,,,,,1960,,,5,0.4487144010532008,0.0620946795103542,0.44870845111810886,0.006425160804998771,0.0002735680334263051,0.6725443865782617,0.6698596706619586,0.008518348716644501,0.29118739127796867,0.011612049993954727
primary_1960_radiographic,lower_body_area_share,lower_body_area_share,regression,torchxrayvision,TorchXRayVision,r2_oof,0.6336039434331884,,,,,,,1960,,,5,0.6326199366339595,0.03173825191336051,0.6336039434331884,0.005145769982224003,0.00013132778753670464,0.799010914778916,0.7978587500829175,0.008518348716644501,0.29118739127796867,0.011612049993954727
primary_1960_radiographic,upper_body_width_frac,upper_body_width_frac,regression,biomedclip,BiomedCLIP,r2_oof,0.9808071799506205,,,,,,,1960,,,5,0.980780604190652,0.0024696913563745076,0.9808071799506205,0.012006794100460589,0.0006023694739683886,0.990406476498156,0.9903577173405392,0.07549535828229878,0.9383225175292341,0.13390841487586735
primary_1960_radiographic,upper_body_width_frac,upper_body_width_frac,regression,imagenet,ImageNet-DenseNet121,r2_oof,0.9850676903874238,,,,,,,1960,,,5,0.9849707000286099,0.002299131075216009,0.9850676903874238,0.009526383484501102,0.0005700743653883945,0.9925228033189961,0.9925081278014372,0.07549535828229878,0.9383225175292341,0.13390841487586735
primary_1960_radiographic,upper_body_width_frac,upper_body_width_frac,regression,rad-dino,RAD-DINO,r2_oof,0.9522282163595972,,,,,,,1960,,,5,0.9518373168713291,0.006111011021572054,0.9522282163595972,0.020730851083665198,0.001012506750312067,0.9756950602036858,0.975822208044433,0.07549535828229878,0.9383225175292341,0.13390841487586735
primary_1960_radiographic,upper_body_width_frac,upper_body_width_frac,regression,torchxrayvision,TorchXRayVision,r2_oof,0.9848201689661892,,,,,,,1960,,,5,0.9847449548664532,0.0018223530764595326,0.9848201689661892,0.009581898513548822,0.0004883812399457838,0.9924034936769097,0.9923812551203238,0.07549535828229878,0.9383225175292341,0.13390841487586735
primary_1960_radiographic,mid_body_width_frac,mid_body_width_frac,regression,biomedclip,BiomedCLIP,r2_oof,0.915934309548716,,,,,,,1960,,,5,0.9142568920499727,0.014386778271309427,0.915934309548716,0.02944832770741439,0.0012329467519032974,0.9565323860775645,0.9571107904114337,0.0855378076710888,0.8677483695656091,0.1329170508921005
primary_1960_radiographic,mid_body_width_frac,mid_body_width_frac,regression,imagenet,ImageNet-DenseNet121,r2_oof,0.9161912222691044,,,,,,,1960,,,5,0.9153102155266293,0.008489851822390761,0.9161912222691044,0.02941636386335168,0.0007343999038756725,0.9569311384219155,0.957190995652866,0.0855378076710888,0.8677483695656091,0.1329170508921005
primary_1960_radiographic,mid_body_width_frac,mid_body_width_frac,regression,rad-dino,RAD-DINO,r2_oof,0.8746304260936152,,,,,,,1960,,,5,0.8730661216611381,0.01481346698865187,0.8746304260936152,0.036568149357169774,0.001210859511780845,0.9346934089565021,0.9352747469306266,0.0855378076710888,0.8677483695656091,0.1329170508921005
primary_1960_radiographic,mid_body_width_frac,mid_body_width_frac,regression,torchxrayvision,TorchXRayVision,r2_oof,0.9294609423820053,,,,,,,1960,,,5,0.9285574654980155,0.009020576208476887,0.9294609423820053,0.02680889688326103,0.0006123021580246051,0.9640015440661296,0.9641220486782205,0.0855378076710888,0.8677483695656091,0.1329170508921005
primary_1960_radiographic,lower_body_width_frac,lower_body_width_frac,regression,biomedclip,BiomedCLIP,r2_oof,0.9025261378767059,,,,,,,1960,,,5,0.9009418392692826,0.013971397407217066,0.9025261378767059,0.030015378448842472,0.0007753389826631201,0.9495163252454872,0.9500739545732138,0.08008698017189847,0.8204166273305801,0.12657133052981218
primary_1960_radiographic,lower_body_width_frac,lower_body_width_frac,regression,imagenet,ImageNet-DenseNet121,r2_oof,0.8900624959664764,,,,,,,1960,,,5,0.8889549814046681,0.00894869005166842,0.8900624959664764,0.031186006080342575,0.0007711315570951583,0.9434972858326784,0.9434355055898664,0.08008698017189847,0.8204166273305801,0.12657133052981218
primary_1960_radiographic,lower_body_width_frac,lower_body_width_frac,regression,rad-dino,RAD-DINO,r2_oof,0.8343508027121488,,,,,,,1960,,,5,0.8329521084069429,0.011714920975829282,0.8343508027121488,0.039716059334221746,0.0014344904910939258,0.9130539845732282,0.9134666871425607,0.08008698017189847,0.8204166273305801,0.12657133052981218
primary_1960_radiographic,lower_body_width_frac,lower_body_width_frac,regression,torchxrayvision,TorchXRayVision,r2_oof,0.914912284789178,,,,,,,1960,,,5,0.913267931108923,0.01589917799907786,0.914912284789178,0.027979970539354204,0.0012399162149334803,0.9560228641868713,0.9566043350930719,0.08008698017189847,0.8204166273305801,0.12657133052981218
primary_1960_radiographic,shoulder_width_frac,shoulder_width_frac,regression,biomedclip,BiomedCLIP,r2_oof,0.984843331724994,,,,,,,1960,,,5,0.9849606133824784,0.002240261442024132,0.984843331724994,0.010806381286358278,0.00048185164735007225,0.9925107933143735,0.99239376707669,0.0746905635878409,0.9392636695025868,0.13330063558054792
primary_1960_radiographic,shoulder_width_frac,shoulder_width_frac,regression,imagenet,ImageNet-DenseNet121,r2_oof,0.9896587094138555,,,,,,,1960,,,5,0.9897312460676779,0.0026057880446973933,0.9896587094138555,0.008103626207556352,0.0005809300949238739,0.9949045294225082,0.994817335214008,0.0746905635878409,0.9392636695025868,0.13330063558054792
primary_1960_radiographic,shoulder_width_frac,shoulder_width_frac,regression,rad-dino,RAD-DINO,r2_oof,0.9559147261529397,,,,,,,1960,,,5,0.9555883537535624,0.004734109845860372,0.9559147261529397,0.01998654849731004,0.0008030606889586783,0.9776541967645415,0.9777108867710865,0.0746905635878409,0.9392636695025868,0.13330063558054792
primary_1960_radiographic,shoulder_width_frac,shoulder_width_frac,regression,torchxrayvision,TorchXRayVision,r2_oof,0.9892401685120967,,,,,,,1960,,,5,0.9893044261528235,0.001979525154749289,0.9892401685120967,0.008104750061616955,0.0005654149461454551,0.9946743587975568,0.9946058055180833,0.0746905635878409,0.9392636695025868,0.13330063558054792
primary_1960_radiographic,thorax_width_frac,thorax_width_frac,regression,biomedclip,BiomedCLIP,r2_oof,0.9707760358199248,,,,,,,1960,,,5,0.9704199906042984,0.00427040156004784,0.9707760358199248,0.01604800038340736,0.0008060750155465075,0.9852217735333614,0.9852813715457025,0.07742593643698309,0.9330319867706518,0.13453892400711634
primary_1960_radiographic,thorax_width_frac,thorax_width_frac,regression,imagenet,ImageNet-DenseNet121,r2_oof,0.9730114291381964,,,,,,,1960,,,5,0.9727549953560162,0.0029538725181233647,0.9730114291381964,0.014043724262620108,0.0004274882791988542,0.9863344576033342,0.9864246495881853,0.07742593643698309,0.9330319867706518,0.13453892400711634
primary_1960_radiographic,thorax_width_frac,thorax_width_frac,regression,rad-dino,RAD-DINO,r2_oof,0.9424986673394663,,,,,,,1960,,,5,0.9420338843291202,0.006138341725406078,0.9424986673394663,0.023458561509882035,0.001355870870120247,0.9707368490047144,0.9708302152709556,0.07742593643698309,0.9330319867706518,0.13453892400711634
primary_1960_radiographic,thorax_width_frac,thorax_width_frac,regression,torchxrayvision,TorchXRayVision,r2_oof,0.9739627551785195,,,,,,,1960,,,5,0.9736543900381521,0.002648838205897576,0.9739627551785195,0.014289565077120226,0.0005908974286558989,0.9868373811939662,0.9868965292389723,0.07742593643698309,0.9330319867706518,0.13453892400711634
primary_1960_radiographic,shoulder_to_lower_width_ratio,shoulder_to_lower_width_ratio,regression,biomedclip,BiomedCLIP,r2_oof,0.604450961505957,,,,,,,1960,,,5,0.5990469268480204,0.032993111812112265,0.604450961505957,0.04110144687484822,0.00040574937986981367,0.7780369790184785,0.7789250459416627,0.06598518160461633,1.149248161377912,0.0864935746324706
primary_1960_radiographic,shoulder_to_lower_width_ratio,shoulder_to_lower_width_ratio,regression,imagenet,ImageNet-DenseNet121,r2_oof,0.5912693259086799,,,,,,,1960,,,5,0.5855364646467052,0.03504093346013279,0.5912693259086799,0.041266755995569046,0.0012152016499029038,0.7678940423042528,0.7690014474904829,0.06598518160461633,1.149248161377912,0.0864935746324706
primary_1960_radiographic,shoulder_to_lower_width_ratio,shoulder_to_lower_width_ratio,regression,rad-dino,RAD-DINO,r2_oof,0.4121193309188187,,,,,,,1960,,,5,0.406600865158636,0.040824098210766296,0.4121193309188187,0.049470331807573674,0.001595846245992471,0.6455457414728883,0.6434651581843115,0.06598518160461633,1.149248161377912,0.0864935746324706
primary_1960_radiographic,shoulder_to_lower_width_ratio,shoulder_to_lower_width_ratio,regression,torchxrayvision,TorchXRayVision,r2_oof,0.6062550955925667,,,,,,,1960,,,5,0.6009193241992614,0.03496708264312375,0.6062550955925667,0.04043987045913819,0.0010956201933772813,0.7809477381194396,0.780947068937827,0.06598518160461633,1.149248161377912,0.0864935746324706
primary_1960_radiographic,thorax_to_lower_width_ratio,thorax_to_lower_width_ratio,regression,biomedclip,BiomedCLIP,r2_oof,0.5938016854961288,,,,,,,1960,,,5,0.5863593426478715,0.03594657961711979,0.5938016854961288,0.042452978655625785,0.0007438409048943551,0.7721195642163874,0.7725464169104883,0.06764095692652437,1.1412939754249984,0.08827294302519588
primary_1960_radiographic,thorax_to_lower_width_ratio,thorax_to_lower_width_ratio,regression,imagenet,ImageNet-DenseNet121,r2_oof,0.5954839982380618,,,,,,,1960,,,5,0.5878076180975549,0.037899756690939285,0.5954839982380618,0.04244274379736131,0.0009725784491781906,0.7695441581317893,0.7718103863566365,0.06764095692652437,1.1412939754249984,0.08827294302519588
primary_1960_radiographic,thorax_to_lower_width_ratio,thorax_to_lower_width_ratio,regression,rad-dino,RAD-DINO,r2_oof,0.40515032557806974,,,,,,,1960,,,5,0.39910662172875877,0.03129969408538128,0.40515032557806974,0.05107842239955655,0.0016818051725726831,0.6409429130525561,0.6385981486193444,0.06764095692652437,1.1412939754249984,0.08827294302519588
primary_1960_radiographic,thorax_to_lower_width_ratio,thorax_to_lower_width_ratio,regression,torchxrayvision,TorchXRayVision,r2_oof,0.578672982440475,,,,,,,1960,,,5,0.570062302068342,0.04536259049691797,0.578672982440475,0.04290916826996554,0.0006079110856074294,0.7624563198168357,0.7636141928567037,0.06764095692652437,1.1412939754249984,0.08827294302519588
primary_1960_radiographic,thorax_mean_intensity,thorax_mean_intensity,regression,biomedclip,BiomedCLIP,r2_oof,0.8773148224074705,,,,,,,1960,,,5,0.8757509217433619,0.020051153979397118,0.8773148224074705,3.0248515998548298,0.11244232133503158,0.9362472695789507,0.9369220049780749,8.01421230130091,137.65686536467967,11.55259592469681
primary_1960_radiographic,thorax_mean_intensity,thorax_mean_intensity,regression,imagenet,ImageNet-DenseNet121,r2_oof,0.8048577402530017,,,,,,,1960,,,5,0.8028985762072921,0.031784661866359185,0.8048577402530017,3.8310788717804605,0.12565075523235308,0.8969970188317431,0.8973718949638214,8.01421230130091,137.65686536467967,11.55259592469681
primary_1960_radiographic,thorax_mean_intensity,thorax_mean_intensity,regression,rad-dino,RAD-DINO,r2_oof,0.8009860865819435,,,,,,,1960,,,5,0.8001681331572726,0.006736928617320401,0.8009860865819435,3.873149645537527,0.08602860797170761,0.8953757250361107,0.8951412604796413,8.01421230130091,137.65686536467967,11.55259592469681
primary_1960_radiographic,thorax_mean_intensity,thorax_mean_intensity,regression,torchxrayvision,TorchXRayVision,r2_oof,0.9298786423888844,,,,,,,1960,,,5,0.9291582576564107,0.009410314981236114,0.9298786423888844,2.232859599177327,0.07934440156988949,0.9645448379793905,0.9644181084766896,8.01421230130091,137.65686536467967,11.55259592469681
primary_1960_radiographic,thorax_p10_intensity,thorax_p10_intensity,regression,biomedclip,BiomedCLIP,r2_oof,0.7574668785262207,,,,,,,1960,,,5,0.7552033320797857,0.055686084984455174,0.7574668785262207,4.698504878036312,0.1814442622369583,0.8710019031420462,0.8711485964550968,10.896377342773848,87.5395918367347,15.424455265634698
primary_1960_radiographic,thorax_p10_intensity,thorax_p10_intensity,regression,imagenet,ImageNet-DenseNet121,r2_oof,0.789548414150733,,,,,,,1960,,,5,0.7875466821116289,0.04230055241127876,0.789548414150733,4.732700361416008,0.2528212116448394,0.8887464629073838,0.8885850776883559,10.896377342773848,87.5395918367347,15.424455265634698
primary_1960_radiographic,thorax_p10_intensity,thorax_p10_intensity,regression,rad-dino,RAD-DINO,r2_oof,0.729367216832723,,,,,,,1960,,,5,0.7279351967668406,0.040517835486149296,0.729367216832723,5.18052344629727,0.10445686685835341,0.853943816266589,0.8541565262890788,10.896377342773848,87.5395918367347,15.424455265634698
primary_1960_radiographic,thorax_p10_intensity,thorax_p10_intensity,regression,torchxrayvision,TorchXRayVision,r2_oof,0.8208166643778497,,,,,,,1960,,,5,0.818779622185714,0.04415285760896178,0.8208166643778497,3.8802861502969903,0.15660291869392953,0.9068587896290129,0.906396860430477,10.896377342773848,87.5395918367347,15.424455265634698
primary_1960_radiographic,thorax_p90_intensity,thorax_p90_intensity,regression,biomedclip,BiomedCLIP,r2_oof,0.8203525930540604,,,,,,,1960,,,5,0.8189582147146822,0.013499481776997318,0.8203525930540604,3.392336306098906,0.07498298758828946,0.9068075167554582,0.9066553133487274,7.316104904206587,194.33994897959187,10.37499205789954
primary_1960_radiographic,thorax_p90_intensity,thorax_p90_intensity,regression,imagenet,ImageNet-DenseNet121,r2_oof,0.6239834010795898,,,,,,,1960,,,5,0.62195524751113,0.01748330066038612,0.6239834010795898,4.734124279517685,0.0851775067986573,0.7912588616335515,0.7905002151023551,7.316104904206587,194.33994897959187,10.37499205789954
primary_1960_radiographic,thorax_p90_intensity,thorax_p90_intensity,regression,rad-dino,RAD-DINO,r2_oof,0.7027526262580734,,,,,,,1960,,,5,0.7007903692928219,0.024783394727812512,0.7027526262580734,4.230297998724939,0.20384268377375928,0.83836073871024,0.8383523882051221,7.316104904206587,194.33994897959187,10.37499205789954
primary_1960_radiographic,thorax_p90_intensity,thorax_p90_intensity,regression,torchxrayvision,TorchXRayVision,r2_oof,0.9153966693872022,,,,,,,1960,,,5,0.9149633071211722,0.005097721657334496,0.9153966693872022,2.2718536881085942,0.10274284417102506,0.9572856641378426,0.9568608674374179,7.316104904206587,194.33994897959187,10.37499205789954
primary_1960_radiographic,central_lucency_frac,central_lucency_frac,regression,biomedclip,BiomedCLIP,r2_oof,0.019372521185220037,,,,,,,1960,,,5,-0.03605791597353074,0.15935714568852818,0.019372521185220037,0.0029910455907852748,7.281104774742939e-05,0.2891246774509696,0.2593496729917437,0.002829493233848881,0.35375924991527585,0.004531235339873832
primary_1960_radiographic,central_lucency_frac,central_lucency_frac,regression,imagenet,ImageNet-DenseNet121,r2_oof,0.07359989748347406,,,,,,,1960,,,5,0.04789306295719804,0.10315321407444886,0.07359989748347406,0.0028492980818538884,5.57073244450371e-05,0.29746681240388523,0.2960809403864317,0.002829493233848881,0.35375924991527585,0.004531235339873832
primary_1960_radiographic,central_lucency_frac,central_lucency_frac,regression,rad-dino,RAD-DINO,r2_oof,-0.02311060419395128,,,,,,,1960,,,5,-0.03245583382565498,0.0631914994249295,-0.02311060419395128,0.002883512923695781,9.125516084395604e-05,0.13535273860317662,0.12512244683479,0.002829493233848881,0.35375924991527585,0.004531235339873832
primary_1960_radiographic,central_lucency_frac,central_lucency_frac,regression,torchxrayvision,TorchXRayVision,r2_oof,0.09559898692489,,,,,,,1960,,,5,0.07717582821348848,0.08954208018160091,0.09559898692489,0.00283604901854381,0.00011034092813132233,0.32533633222966235,0.3147926140116697,0.002829493233848881,0.35375924991527585,0.004531235339873832
primary_1960_radiographic,left_lucency_frac,left_lucency_frac,regression,biomedclip,BiomedCLIP,r2_oof,0.3822432634959393,,,,,,,1960,,,5,0.3809112799352278,0.00932987962557443,0.3822432634959393,0.026505962065452904,0.0012305332166336203,0.6299903957794689,0.6290828597920624,0.03346133277711963,0.38117239559701555,0.04523088832260173
primary_1960_radiographic,left_lucency_frac,left_lucency_frac,regression,imagenet,ImageNet-DenseNet121,r2_oof,0.21460904975975503,,,,,,,1960,,,5,0.21100013726895844,0.055592927388227874,0.21460904975975503,0.02951769350630362,0.0018528982811998234,0.4647653493703274,0.4640257013626082,0.03346133277711963,0.38117239559701555,0.04523088832260173
primary_1960_radiographic,left_lucency_frac,left_lucency_frac,regression,rad-dino,RAD-DINO,r2_oof,0.5830124078902637,,,,,,,1960,,,5,0.5812207930426343,0.01373173429460275,0.5830124078902637,0.02133204918470121,0.0011148281963992816,0.7647416403084814,0.7637877819876695,0.03346133277711963,0.38117239559701555,0.04523088832260173
primary_1960_radiographic,left_lucency_frac,left_lucency_frac,regression,torchxrayvision,TorchXRayVision,r2_oof,0.4706516008676265,,,,,,,1960,,,5,0.4666948387041555,0.03641849497842543,0.4706516008676265,0.023893524224486207,0.0010299656865336339,0.6949810424878621,0.6945641806492991,0.03346133277711963,0.38117239559701555,0.04523088832260173
primary_1960_radiographic,right_lucency_frac,right_lucency_frac,regression,biomedclip,BiomedCLIP,r2_oof,0.37111383737596837,,,,,,,1960,,,5,0.37003693655123043,0.013327675981606047,0.37111383737596837,0.02662585960599658,0.0011205121533417646,0.6208305114530905,0.6197134056168359,0.03341128592087224,0.3264576772023661,0.04510339411130765
primary_1960_radiographic,right_lucency_frac,right_lucency_frac,regression,imagenet,ImageNet-DenseNet121,r2_oof,0.22140445983981738,,,,,,,1960,,,5,0.2182649137820653,0.05548070197481803,0.22140445983981738,0.02916713374086577,0.0016514620597709558,0.47127195467267474,0.4715239062640232,0.03341128592087224,0.3264576772023661,0.04510339411130765
primary_1960_radiographic,right_lucency_frac,right_lucency_frac,regression,rad-dino,RAD-DINO,r2_oof,0.5864890848570741,,,,,,,1960,,,5,0.5852723110398133,0.014956450430555887,0.5864890848570741,0.021175966087734054,0.0009384687548963695,0.7665800428555706,0.7659890134095043,0.03341128592087224,0.3264576772023661,0.04510339411130765
primary_1960_radiographic,right_lucency_frac,right_lucency_frac,regression,torchxrayvision,TorchXRayVision,r2_oof,0.44875056307087713,,,,,,,1960,,,5,0.4475620427440193,0.027204634297253675,0.44875056307087713,0.024106392419272628,0.0009688129693724737,0.6807215345194159,0.6793250192667318,0.03341128592087224,0.3264576772023661,0.04510339411130765
primary_1960_radiographic,lucency_lr_asymmetry,lucency_lr_asymmetry,regression,biomedclip,BiomedCLIP,r2_oof,0.3813665019359047,,,,,,,1960,,,5,0.3801266468630312,0.012237482660586562,0.3813665019359047,0.05267432394495737,0.0021312374003188625,0.6293432453852427,0.6286744152369602,0.06643318028170818,0.054714718394649385,0.08987836375390548
primary_1960_radiographic,lucency_lr_asymmetry,lucency_lr_asymmetry,regression,imagenet,ImageNet-DenseNet121,r2_oof,0.21947210971182696,,,,,,,1960,,,5,0.21598301638738143,0.05603101026370839,0.21947210971182696,0.058325421737591435,0.0034599397584195364,0.4694411372209665,0.4693048566835657,0.06643318028170818,0.054714718394649385,0.08987836375390548
primary_1960_radiographic,lucency_lr_asymmetry,lucency_lr_asymmetry,regression,rad-dino,RAD-DINO,r2_oof,0.5916643776157631,,,,,,,1960,,,5,0.5900277159509548,0.01447562219745084,0.5916643776157631,0.04187460723609041,0.0018736477458801103,0.7700189300153945,0.7693567617824053,0.06643318028170818,0.054714718394649385,0.08987836375390548
primary_1960_radiographic,lucency_lr_asymmetry,lucency_lr_asymmetry,regression,torchxrayvision,TorchXRayVision,r2_oof,0.46535120613633296,,,,,,,1960,,,5,0.46278430053583675,0.02963980643739828,0.46535120613633296,0.04753661586549117,0.001995686177846485,0.6909595809622038,0.6902114373914306,0.06643318028170818,0.054714718394649385,0.08987836375390548
primary_1960_radiographic,thorax_body_mask_frac,thorax_body_mask_frac,regression,biomedclip,BiomedCLIP,r2_oof,0.37724688644678606,,,,,,,1960,,,5,0.36231244365576903,0.08094333188312257,0.37724688644678606,0.007913650761540016,0.00045343575258178224,0.6267911432664086,0.6256931517202539,0.008486833335552514,0.9930102162663135,0.015421864342123687
primary_1960_radiographic,thorax_body_mask_frac,thorax_body_mask_frac,regression,imagenet,ImageNet-DenseNet121,r2_oof,0.4069321558516108,,,,,,,1960,,,5,0.409275533274275,0.1398374226897992,0.4069321558516108,0.006276257795997766,0.0002867006884889462,0.635685868790364,0.6384450593359242,0.008486833335552514,0.9930102162663135,0.015421864342123687
primary_1960_radiographic,thorax_body_mask_frac,thorax_body_mask_frac,regression,rad-dino,RAD-DINO,r2_oof,0.04200083548102351,,,,,,,1960,,,5,0.04232351188055363,0.07895606016662267,0.04200083548102351,0.00784518123124621,0.00027358265519111943,0.25531974854420997,0.24747789442903614,0.008486833335552514,0.9930102162663135,0.015421864342123687
primary_1960_radiographic,thorax_body_mask_frac,thorax_body_mask_frac,regression,torchxrayvision,TorchXRayVision,r2_oof,0.334399264900614,,,,,,,1960,,,5,0.3229358315092508,0.10515884286532734,0.334399264900614,0.0077746056510184765,0.00040026295122342736,0.5938393603838247,0.5919394966385728,0.008486833335552514,0.9930102162663135,0.015421864342123687
