file,n,auc_all,n_text,auc_text,auc_notext,rho_age_ctrl,n_ctrl_age
huatuo_ft_on_311_masked,609,0.728647340908109,97,0.6140651801029159,0.7493872549019608,-0.7168729174407328,142
huatuo_ft_on_center2,100,0.49040000000000006,0,,0.49040000000000006,,0
huatuo_ft_on_hernia,199,0.6451010101010101,37,0.685,0.6201532567049809,-0.5084443097695063,63
huatuo_zero_shot_on_311_masked,609,0.5219412882878991,97,0.4069468267581475,0.5437423406862745,-0.17369504493895446,142
huatuo_zero_shot_on_center2,100,0.6528,0,,0.6528,,0
huatuo_zero_shot_on_hernia,199,0.4687373737373738,37,0.3433333333333333,0.5027586206896552,-0.19572717455899336,63
internvl_ft_on_311_masked,609,0.6765239555881972,97,0.6082761578044598,0.6852787990196078,-0.5001765089381585,142
internvl_ft_on_center2,100,0.40359999999999996,0,,0.40359999999999996,,0
internvl_ft_on_hernia,199,0.6995959595959594,37,0.5866666666666667,0.7124904214559387,-0.6131534210869564,63
internvl_zero_shot_on_311_masked,609,0.5934462349332527,97,0.5394511149228131,0.5976792279411766,-0.13395216833252402,142
internvl_zero_shot_on_center2,100,0.4662,0,,0.4662,,0
internvl_zero_shot_on_hernia,199,0.5474242424242425,37,0.46,0.5418390804597701,-0.15107858483927133,63
llavaov_ft_on_311_masked,609,0.7390590573292435,97,0.6888936535162951,0.7537071078431372,-0.6632087790051248,142
llavaov_ft_on_center2,100,0.7303999999999999,0,,0.7303999999999999,,0
llavaov_ft_on_hernia,199,0.6112121212121212,37,0.6516666666666667,0.5814559386973179,-0.5450823642163872,63
llavaov_zero_shot_on_311_masked,609,0.5004428219639694,97,0.483704974271012,0.5070925245098039,-0.04645860860328179,142
llavaov_zero_shot_on_center2,100,0.4048,0,,0.4048,,0
llavaov_zero_shot_on_hernia,199,0.5043939393939393,37,0.5183333333333333,0.5239080459770115,0.019351845088455295,63
medgemma_ft_on_311_masked,609,0.7322979219769301,97,0.6541595197255575,0.758953737745098,-0.7533452915631682,142
medgemma_ft_on_center2,100,0.6696000000000001,0,,0.6696000000000001,,0
medgemma_ft_on_hernia,199,0.726010101010101,37,0.4683333333333334,0.7392337164750958,-0.7650604978122881,63
medgemma_zero_shot_on_311_masked,609,0.5940672657363806,97,0.605917667238422,0.5872319240196079,-0.15056507303757294,142
medgemma_zero_shot_on_center2,100,0.6013999999999999,0,,0.6013999999999999,,0
medgemma_zero_shot_on_hernia,199,0.6035353535353535,37,0.5033333333333334,0.621609195402299,-0.29418515306665316,63
qwen25vl_ft_on_311_masked,609,0.7338964012615026,97,0.6099914236706689,0.757360600490196,-0.6282778595941254,142
qwen25vl_ft_on_center2,100,0.7672,0,,0.7672,,0
qwen25vl_ft_on_hernia,199,0.7061616161616161,37,0.47500000000000003,0.7353256704980844,-0.6501233371309261,63
qwen25vl_zero_shot_on_311_masked,609,0.5310029377457122,97,0.47963121783876506,0.541015625,-0.10672060673317482,142
qwen25vl_zero_shot_on_center2,100,0.6632000000000001,0,,0.6632000000000001,,0
qwen25vl_zero_shot_on_hernia,199,0.5770707070707071,37,0.36,0.6457471264367816,-0.15054355167797187,63
smolvlm_ft_on_311_masked,609,0.7045783470860155,97,0.6204974271012006,0.724188112745098,-0.6687781442364166,142
smolvlm_ft_on_center2,100,0.6424000000000001,0,,0.6424000000000001,,0
smolvlm_ft_on_hernia,199,0.7091919191919192,37,0.42833333333333334,0.7283524904214559,-0.7423641477768858,63
smolvlm_zero_shot_on_311_masked,609,0.48860003456171425,97,0.5055746140651801,0.4901577818627451,0.26277607085772475,142
smolvlm_zero_shot_on_center2,100,0.31199999999999994,0,,0.31199999999999994,,0
smolvlm_zero_shot_on_hernia,199,0.4801515151515151,37,0.385,0.5230651340996169,-0.03528400917646215,63
