model,model_display,condition,condition_display,test_set,test_set_display,n,n_hernia,accuracy,balanced_accuracy,auc,auc_ci_lo,auc_ci_hi,pred_hernia_rate,single_class_output,mean_confidence
huatuo,HuatuoGPT-V-7B,ft,QLoRA fine-tuned,foye_hernia,Internal test (same centre),199,100,0.6030150753768844,0.6027272727272728,0.6451010101010101,0.5689709595959597,0.7201010101010101,0.5577889447236181,False,0.6605735305713201
huatuo,HuatuoGPT-V-7B,ft,QLoRA fine-tuned,foye_center2,External centre,100,50,0.5,0.5,0.49040000000000006,0.37599000000000005,0.6002149999999998,0.0,True,0.8654647916999523
huatuo,HuatuoGPT-V-7B,ft,QLoRA fine-tuned,foye_311_masked,Metadata-masked cohort,609,293,0.6666666666666666,0.6682399447012572,0.728647340908109,0.6864924450252732,0.7680316293688167,0.535303776683087,False,0.6764274027698822
huatuo,HuatuoGPT-V-7B,zero_shot,Zero-shot,foye_hernia,Internal test (same centre),199,100,0.507537688442211,0.51,0.4687373737373738,0.3887866161616162,0.5505568181818182,0.010050251256281407,False,0.6634048542460071
huatuo,HuatuoGPT-V-7B,zero_shot,Zero-shot,foye_center2,External centre,100,50,0.5,0.5,0.6528,0.54633,0.7550049999999999,0.0,True,0.6550494099244861
huatuo,HuatuoGPT-V-7B,zero_shot,Zero-shot,foye_311_masked,Metadata-masked cohort,609,293,0.5205254515599343,0.5017064846416383,0.5219412882878991,0.4778097593640644,0.5673235192465546,0.0016420361247947454,False,0.6670197112089367
internvl,InternVL,ft,QLoRA fine-tuned,foye_hernia,Internal test (same centre),199,100,0.6432160804020101,0.6436868686868686,0.6995959595959594,0.6287815656565656,0.7700075757575757,0.40703517587939697,False,0.5878003702794565
internvl,InternVL,ft,QLoRA fine-tuned,foye_center2,External centre,100,50,0.5,0.5,0.40359999999999996,0.294375,0.5112049999999999,0.0,True,0.6757787371749494
internvl,InternVL,ft,QLoRA fine-tuned,foye_311_masked,Metadata-masked cohort,609,293,0.6108374384236454,0.6018976541236445,0.6765239555881972,0.6351989458677151,0.717568421393701,0.2594417077175698,False,0.5981553299387934
internvl,InternVL,zero_shot,Zero-shot,foye_hernia,Internal test (same centre),199,100,0.49748743718592964,0.5,0.5474242424242425,0.467060606060606,0.6247487373737374,0.0,True,0.922253850712994
internvl,InternVL,zero_shot,Zero-shot,foye_center2,External centre,100,50,0.5,0.5,0.4662,0.35276,0.5802249999999999,0.0,True,0.9478155257628315
internvl,InternVL,zero_shot,Zero-shot,foye_311_masked,Metadata-masked cohort,609,293,0.5188834154351396,0.5,0.5934462349332527,0.5455343835054218,0.63738699939517,0.0,True,0.9292077420610191
llavaov,LLaVA-OneVision,ft,QLoRA fine-tuned,foye_hernia,Internal test (same centre),199,100,0.5477386934673367,0.547979797979798,0.6112121212121212,0.5280770202020202,0.6894444444444444,0.45226130653266333,False,0.7269961313823781
llavaov,LLaVA-OneVision,ft,QLoRA fine-tuned,foye_center2,External centre,100,50,0.5,0.5,0.7303999999999999,0.628395,0.8220149999999998,0.0,True,0.9176315105870013
llavaov,LLaVA-OneVision,ft,QLoRA fine-tuned,foye_311_masked,Metadata-masked cohort,609,293,0.5188834154351396,0.5003726184818766,0.7390590573292435,0.698268404112844,0.7762299110035857,0.009852216748768473,False,0.7797558938209056
llavaov,LLaVA-OneVision,zero_shot,Zero-shot,foye_hernia,Internal test (same centre),199,100,0.5025125628140703,0.5,0.5043939393939393,0.42397853535353536,0.5825290404040404,1.0,True,0.9013555087863402
llavaov,LLaVA-OneVision,zero_shot,Zero-shot,foye_center2,External centre,100,50,0.5,0.5,0.4048,0.295975,0.517805,1.0,True,0.8368105943292039
llavaov,LLaVA-OneVision,zero_shot,Zero-shot,foye_311_masked,Metadata-masked cohort,609,293,0.48111658456486045,0.5,0.5004428219639694,0.4556030479111764,0.5470929008078801,1.0,True,0.9026346418904874
medgemma,MedGemma-4B-IT,ft,QLoRA fine-tuned,foye_hernia,Internal test (same centre),199,100,0.6532663316582915,0.6533333333333333,0.726010101010101,0.6510580808080809,0.7948030303030303,0.48743718592964824,False,0.6080864579203215
medgemma,MedGemma-4B-IT,ft,QLoRA fine-tuned,foye_center2,External centre,100,50,0.5,0.5,0.6696000000000001,0.56319,0.7630149999999998,0.0,True,0.6996119739102821
medgemma,MedGemma-4B-IT,ft,QLoRA fine-tuned,foye_311_masked,Metadata-masked cohort,609,293,0.6223316912972086,0.6163271698276235,0.7322979219769301,0.6911107540934031,0.7714402784378106,0.3366174055829228,False,0.6330803674874101
medgemma,MedGemma-4B-IT,zero_shot,Zero-shot,foye_hernia,Internal test (same centre),199,100,0.5226130653266332,0.5247474747474747,0.6035353535353535,0.5242386363636364,0.6810328282828281,0.07537688442211055,False,0.9552038696716695
medgemma,MedGemma-4B-IT,zero_shot,Zero-shot,foye_center2,External centre,100,50,0.5,0.5,0.6013999999999999,0.48199500000000006,0.711,0.04,False,0.9699445099922279
medgemma,MedGemma-4B-IT,zero_shot,Zero-shot,foye_311_masked,Metadata-masked cohort,609,293,0.5402298850574713,0.5246684235538083,0.5940672657363806,0.5503628979997407,0.640066882317363,0.08702791461412152,False,0.9512447685075545
qwen25vl,Qwen2.5-VL,ft,QLoRA fine-tuned,foye_hernia,Internal test (same centre),199,100,0.592964824120603,0.594040404040404,0.7061616161616161,0.6321603535353536,0.7749040404040404,0.2864321608040201,False,0.6427678499233401
qwen25vl,Qwen2.5-VL,ft,QLoRA fine-tuned,foye_center2,External centre,100,50,0.5,0.5,0.7672,0.6669849999999999,0.860605,0.0,True,0.8504706355717141
qwen25vl,Qwen2.5-VL,ft,QLoRA fine-tuned,foye_311_masked,Metadata-masked cohort,609,293,0.6305418719211823,0.6237417375901845,0.7338964012615026,0.6919170140838986,0.7714389283708472,0.31527093596059114,False,0.651194566428381
qwen25vl,Qwen2.5-VL,zero_shot,Zero-shot,foye_hernia,Internal test (same centre),199,100,0.49748743718592964,0.5,0.5770707070707071,0.4933699494949495,0.6552790404040402,0.0,True,0.9842213597213968
qwen25vl,Qwen2.5-VL,zero_shot,Zero-shot,foye_center2,External centre,100,50,0.5,0.5,0.6632000000000001,0.557365,0.7668049999999998,0.0,True,0.9836838494062318
qwen25vl,Qwen2.5-VL,zero_shot,Zero-shot,foye_311_masked,Metadata-masked cohort,609,293,0.5188834154351396,0.5,0.5310029377457122,0.48441401693524005,0.5761814435996025,0.0,True,0.9829751099665416
smolvlm,SmolVLM,ft,QLoRA fine-tuned,foye_hernia,Internal test (same centre),199,100,0.6633165829145728,0.6626767676767678,0.7091919191919192,0.6391906565656565,0.7813674242424241,0.628140703517588,False,0.670107083368497
smolvlm,SmolVLM,ft,QLoRA fine-tuned,foye_center2,External centre,100,50,0.5,0.5,0.6424000000000001,0.534795,0.75001,0.0,True,0.7615394678612836
smolvlm,SmolVLM,ft,QLoRA fine-tuned,foye_311_masked,Metadata-masked cohort,609,293,0.6617405582922824,0.6598911306000778,0.7045783470860155,0.6627878342765801,0.744131258910442,0.44499178981937604,False,0.6617933276617699
smolvlm,SmolVLM,zero_shot,Zero-shot,foye_hernia,Internal test (same centre),199,100,0.4472361809045226,0.44505050505050503,0.4801515151515151,0.40439267676767676,0.556236111111111,0.9346733668341709,False,0.8280782503567015
smolvlm,SmolVLM,zero_shot,Zero-shot,foye_center2,External centre,100,50,0.45,0.45,0.31199999999999994,0.20695500000000003,0.42640999999999996,0.93,False,0.774923006272681
smolvlm,SmolVLM,zero_shot,Zero-shot,foye_311_masked,Metadata-masked cohort,609,293,0.4794745484400657,0.49556097982459935,0.48860003456171425,0.4418010433317493,0.5351134866289368,0.9261083743842364,False,0.8091990475038241
